plotID,earliest_disturbance,latest_disturbance,mean_before_O,mean_after_O,mean_before_M,mean_after_M,years_offset_before,O_after_1,O_after_2,O_after_3,O_after_4,O_after_5,O_after_6,O_after_7,O_after_8,O_after_9,O_after_10,O_after_11,O_after_12,O_after_13,O_after_14,O_after_15,O_after_16,O_after_17,O_after_18,O_after_19,O_after_20,M_after_1,M_after_2,M_after_3,M_after_4,M_after_5,M_after_6,M_after_7,M_after_8,M_after_9,M_after_10,M_after_11,M_after_12,M_after_13,M_after_14,M_after_15,M_after_16,M_after_17,M_after_18,M_after_19,M_after_20
BART_004,10/29/19,10/29/19,44.156666666666666,51.07333333333333,3.6675,38.4975,10,,,51.07333333333333,,,,,,,,,,,,,,,,,,,,38.4975,,,,,,,,,,,,,,,,,
BART_023,10/29/19,10/29/19,48.083333333333336,52.21333333333333,18.106666666666666,13.293333333333335,10,,,52.21333333333333,,,,,,,,,,,,,,,,,,,,13.293333333333335,,,,,,,,,,,,,,,,,
BART_005,10/29/19,10/29/19,54.43,53.096666666666664,8.89,23.763333333333332,10,,,53.096666666666664,,,,,,,,,,,,,,,,,,,,23.763333333333332,,,,,,,,,,,,,,,,,
BART_001,10/29/19,10/29/19,46.875,49.81666666666666,9.49,34.675,10,,,49.81666666666666,,,,,,,,,,,,,,,,,,,,34.675,,,,,,,,,,,,,,,,,
BART_002,10/29/19,10/29/19,,45.18,6.076666666666667,7.593333333333334,10,,,45.18,,,,,,,,,,,,,,,,,,,,7.593333333333334,,,,,,,,,,,,,,,,,
BART_003,10/29/19,10/29/19,44.20666666666667,50.5325,2.3233333333333333,7.133333333333334,10,,,50.5325,,,,,,,,,,,,,,,,,,,,7.133333333333334,,,,,,,,,,,,,,,,,
BART_040,10/29/19,10/29/19,41.9975,49.04333333333333,4.3566666666666665,24.900000000000002,10,,,49.04333333333333,,,,,,,,,,,,,,,,,,,,24.900000000000002,,,,,,,,,,,,,,,,,
BART_071,10/29/19,10/29/19,42.169999999999995,46.8425,5.3999999999999995,5.3933333333333335,10,,,46.8425,,,,,,,,,,,,,,,,,,,,5.3933333333333335,,,,,,,,,,,,,,,,,
BART_042,10/29/19,10/29/19,45.61,42.22666666666667,5.696666666666666,10.273333333333333,10,,,42.22666666666667,,,,,,,,,,,,,,,,,,,,10.273333333333333,,,,,,,,,,,,,,,,,
BART_036,10/29/19,10/29/19,39.71,47.053333333333335,5.546666666666667,4.17,10,,,47.053333333333335,,,,,,,,,,,,,,,,,,,,4.17,,,,,,,,,,,,,,,,,
BLAN_033,5/16/18,5/16/18,,,0.7333333333333334,0.6733333333333333,10,,,,,,,,,,,,,,,,,,,,,,,0.6733333333333333,,,,,,,,,,,,,,,,,
BLAN_031,5/16/18,5/16/18,,,1.07,1.0566666666666666,10,,,,,,,,,,,,,,,,,,,,,,,1.0566666666666666,,,,,,,,,,,,,,,,,
BLAN_032,5/16/18,5/16/18,,,1.175,1.1466666666666667,10,,,,,,,,,,,,,,,,,,,,,,,1.1466666666666667,,,,,,,,,,,,,,,,,
BLAN_005,5/16/18,5/16/18,,,1.3966666666666665,1.5266666666666666,10,,,,,,,,,,,,,,,,,,,,,,,1.5266666666666666,,,,,,,,,,,,,,,,,
BLAN_007,5/16/18,5/16/18,,,2.1166666666666667,2.453333333333333,10,,,,,,,,,,,,,,,,,,,,,,,2.453333333333333,,,,,,,,,,,,,,,,,
BLAN_004,5/16/18,5/16/18,,,1.08,0.9625,10,,,,,,,,,,,,,,,,,,,,,,,0.9625,,,,,,,,,,,,,,,,,
BLAN_003,5/16/18,5/16/18,,,1.0733333333333333,0.8166666666666668,10,,,,,,,,,,,,,,,,,,,,,,,0.8166666666666668,,,,,,,,,,,,,,,,,
BLAN_001,5/16/18,5/16/18,,,1.7025000000000001,1.42,10,,,,,,,,,,,,,,,,,,,,,,,1.42,,,,,,,,,,,,,,,,,
DELA_014,2/8/18,5/11/19,,,2.0700000000000003,2.48,10,,,,,,,,,,,,,,,,,,,,,2.48,,,,,,,,,,,,,,,,,,,
DELA_002,2/8/18,5/11/19,,,1.2433333333333334,1.3833333333333335,10,,,,,,,,,,,,,,,,,,,,,1.3833333333333335,,,,,,,,,,,,,,,,,,,
DELA_003,2/8/18,5/11/19,,,1.7766666666666666,1.9633333333333332,10,,,,,,,,,,,,,,,,,,,,,1.9633333333333332,,,,,,,,,,,,,,,,,,,
DELA_001,2/8/18,5/11/19,,,0.735,0.4475,10,,,,,,,,,,,,,,,,,,,,,0.4475,,,,,,,,,,,,,,,,,,,
DELA_038,2/8/18,5/11/19,,,1.3366666666666667,2.0975,10,,,,,,,,,,,,,,,,,,,,,2.0975,,,,,,,,,,,,,,,,,,,
DELA_041,2/8/18,5/11/19,,,1.8875,2.0733333333333337,10,,,,,,,,,,,,,,,,,,,,,2.0733333333333337,,,,,,,,,,,,,,,,,,,
DELA_040,2/8/18,5/11/19,,,1.4633333333333332,1.9033333333333333,10,,,,,,,,,,,,,,,,,,,,,1.9033333333333333,,,,,,,,,,,,,,,,,,,
DELA_037,2/8/18,5/11/19,,,1.5166666666666666,1.75,10,,,,,,,,,,,,,,,,,,,,,1.75,,,,,,,,,,,,,,,,,,,
DELA_005,2/8/18,5/11/19,,,0.98,0.9566666666666667,10,,,,,,,,,,,,,,,,,,,,,0.9566666666666667,,,,,,,,,,,,,,,,,,,
DELA_004,2/8/18,5/11/19,,,1.3866666666666667,1.6633333333333333,10,,,,,,,,,,,,,,,,,,,,,1.6633333333333333,,,,,,,,,,,,,,,,,,,
DSNY_041,9/9/17,8/29/23,,,1.7566666666666666,1.1066666666666667,10,,,,,,,,,,,,,,,,,,,,,1.1066666666666667,,,,,,,,,,,,,,,,,,,
DSNY_005,9/9/17,8/29/23,,,1.1466666666666667,1.9766666666666666,10,,,,,,,,,,,,,,,,,,,,,1.9766666666666666,,,,,,,,,,,,,,,,,,,
DSNY_003,9/9/17,8/29/23,,,2.7600000000000002,1.18,10,,,,,,,,,,,,,,,,,,,,,1.18,,,,,,,,,,,,,,,,,,,
DSNY_001,9/9/17,8/29/23,,,0.8166666666666668,0.665,10,,,,,,,,,,,,,,,,,,,,,0.665,,,,,,,,,,,,,,,,,,,
DSNY_009,9/9/17,8/29/23,,,2.766666666666667,1.8233333333333333,10,,,,,,,,,,,,,,,,,,,,,1.8233333333333333,,,,,,,,,,,,,,,,,,,
DSNY_004,9/9/17,8/29/23,,,3.516666666666667,3.3000000000000003,10,,,,,,,,,,,,,,,,,,,,,3.3000000000000003,,,,,,,,,,,,,,,,,,,
DSNY_043,9/9/17,8/29/23,,,1.3499999999999999,1.5,10,,,,,,,,,,,,,,,,,,,,,1.5,,,,,,,,,,,,,,,,,,,
DSNY_044,8/16/18,8/29/23,,,1.6266666666666667,0.9666666666666667,10,,,,,,,,,,,,,,,,,,,,,0.9666666666666667,,,,,,,,,,,,,,,,,,,
DSNY_042,8/16/18,8/29/23,,,2.4175,1.0525,10,,,,,,,,,,,,,,,,,,,,,1.0525,,,,,,,,,,,,,,,,,,,
DSNY_006,8/16/18,8/29/23,,,0.47,0.485,10,,,,,,,,,,,,,,,,,,,,,0.485,,,,,,,,,,,,,,,,,,,
GUAN_002,9/19/17,9/19/17,,,15.856666666666667,17.830000000000002,10,,,,,,,,,,,,,,,,,,,,,12.64,,,,23.02,,,,,,,,,,,,,,,
GUAN_004,9/19/17,9/19/17,,,30.326666666666664,27.35571428571429,10,,,,,,,,,,,,,,,,,,,,,21.8125,,,,34.74666666666667,,,,,,,,,,,,,,,
GUAN_001,9/19/17,9/19/17,,,18.726666666666663,12.665714285714287,10,,,,,,,,,,,,,,,,,,,,,11.563333333333333,,,,13.4925,,,,,,,,,,,,,,,
GUAN_007,9/19/17,9/19/17,,,39.803333333333335,27.641666666666666,10,,,,,,,,,,,,,,,,,,,,,28.026666666666667,,,,27.256666666666664,,,,,,,,,,,,,,,
GUAN_003,9/19/17,9/19/17,,,28.826666666666664,27.836666666666662,10,,,,,,,,,,,,,,,,,,,,,22.169999999999998,,,,33.50333333333333,,,,,,,,,,,,,,,
GUAN_049,9/19/17,9/19/17,,,8.74,13.513333333333335,10,,,,,,,,,,,,,,,,,,,,,9.773333333333333,,,,17.253333333333334,,,,,,,,,,,,,,,
GUAN_048,9/19/17,9/19/17,,,13.44,11.427142857142856,10,,,,,,,,,,,,,,,,,,,,,9.395,,,,14.136666666666668,,,,,,,,,,,,,,,
GUAN_042,9/19/17,9/19/17,,,30.515,20.596666666666668,10,,,,,,,,,,,,,,,,,,,,,19.453333333333333,,,,21.74,,,,,,,,,,,,,,,
GUAN_006,9/19/17,9/19/17,,,18.19333333333333,20.805,10,,,,,,,,,,,,,,,,,,,,,14.586666666666668,,,,27.02333333333333,,,,,,,,,,,,,,,
GUAN_043,9/19/17,9/19/17,,,17.776666666666667,15.395714285714286,10,,,,,,,,,,,,,,,,,,,,,19.356666666666666,,,,12.425,,,,,,,,,,,,,,,
JERC_003,9/9/17,10/10/18,,,0.9199999999999999,0.94,10,,,,,,,,,,,,,,,,,,,,,0.94,,,,,,,,,,,,,,,,,,,
JERC_047,9/9/17,10/10/18,,,0.7200000000000001,0.9866666666666667,10,,,,,,,,,,,,,,,,,,,,,0.9866666666666667,,,,,,,,,,,,,,,,,,,
JERC_002,9/9/17,10/10/18,,,1.2166666666666666,1.0833333333333333,10,,,,,,,,,,,,,,,,,,,,,1.0833333333333333,,,,,,,,,,,,,,,,,,,
JERC_006,9/9/17,10/10/18,,,1.1724999999999999,1.1333333333333333,10,,,,,,,,,,,,,,,,,,,,,1.1333333333333333,,,,,,,,,,,,,,,,,,,
JERC_048,9/9/17,10/10/18,,,1.055,1.2375,10,,,,,,,,,,,,,,,,,,,,,1.2375,,,,,,,,,,,,,,,,,,,
JERC_001,9/9/17,10/10/18,,,0.8433333333333333,0.685,10,,,,,,,,,,,,,,,,,,,,,0.685,,,,,,,,,,,,,,,,,,,
JERC_005,9/9/17,10/10/18,,,1.2033333333333334,1.3499999999999999,10,,,,,,,,,,,,,,,,,,,,,1.3499999999999999,,,,,,,,,,,,,,,,,,,
JERC_049,9/9/17,10/10/18,,,1.1266666666666667,0.8333333333333334,10,,,,,,,,,,,,,,,,,,,,,0.8333333333333334,,,,,,,,,,,,,,,,,,,
LENO_002,1/2/19,4/19/19,2.24,2.3066666666666666,,,10,,,,,2.3066666666666666,,,,,,,,,,,,,,,,,,,,,,,,,,,,,,,,,,,
LENO_061,1/2/19,4/19/19,1.7466666666666668,1.9466666666666665,,,10,,,,,1.9466666666666665,,,,,,,,,,,,,,,,,,,,,,,,,,,,,,,,,,,
LENO_003,1/2/19,4/19/19,2.6333333333333333,2.1533333333333333,,,10,,,,,2.1533333333333333,,,,,,,,,,,,,,,,,,,,,,,,,,,,,,,,,,,
LENO_062,1/2/19,4/19/19,1.3466666666666667,1.7525,,,10,,,,,1.7525,,,,,,,,,,,,,,,,,,,,,,,,,,,,,,,,,,,
LENO_063,1/2/19,4/19/19,1.745,1.5899999999999999,,,10,,,,,1.5899999999999999,,,,,,,,,,,,,,,,,,,,,,,,,,,,,,,,,,,
LENO_006,1/2/19,4/19/19,2.3833333333333333,2.2866666666666666,,,10,,,,,2.2866666666666666,,,,,,,,,,,,,,,,,,,,,,,,,,,,,,,,,,,
LENO_064,1/2/19,4/19/19,1.0033333333333332,1.45,,,10,,,,,1.45,,,,,,,,,,,,,,,,,,,,,,,,,,,,,,,,,,,
LENO_004,1/2/19,4/19/19,1.3,1.5333333333333332,,,10,,,,,1.5333333333333332,,,,,,,,,,,,,,,,,,,,,,,,,,,,,,,,,,,
LENO_005,1/2/19,4/19/19,0.9933333333333333,1.0533333333333335,,,10,,,,,1.0533333333333335,,,,,,,,,,,,,,,,,,,,,,,,,,,,,,,,,,,
LENO_001,1/2/19,4/19/19,1.4766666666666666,1.365,,,10,,,,,1.365,,,,,,,,,,,,,,,,,,,,,,,,,,,,,,,,,,,
MLBS_005,6/27/18,7/27/18,5.883333333333333,38.28,3.563333333333333,3.6333333333333333,10,,,,,38.28,,,,,,,,,,,,,,,,,,,,3.6333333333333333,,,,,,,,,,,,,,,
MLBS_001,6/27/18,7/27/18,6.573333333333333,,2.32,3.8766666666666665,10,,,,,,,,,,,,,,,,,,,,,,,,,3.8766666666666665,,,,,,,,,,,,,,,
MLBS_003,6/27/18,7/27/18,20.616666666666667,,5.296666666666667,7.59,10,,,,,,,,,,,,,,,,,,,,,,,,,7.59,,,,,,,,,,,,,,,
MLBS_002,6/27/18,7/27/18,37.45666666666667,37.095,13.0825,8.635,10,,,,,37.095,,,,,,,,,,,,,,,,,,,,8.635,,,,,,,,,,,,,,,
MLBS_064,6/27/18,7/27/18,9.63,,1.7433333333333334,5.973333333333334,10,,,,,,,,,,,,,,,,,,,,,,,,,5.973333333333334,,,,,,,,,,,,,,,
MLBS_061,6/27/18,7/27/18,18.400000000000002,49.72,2.2833333333333337,4.783333333333333,10,,,,,49.72,,,,,,,,,,,,,,,,,,,,4.783333333333333,,,,,,,,,,,,,,,
MLBS_006,6/27/18,7/27/18,11.996666666666664,,1.0466666666666666,2.5466666666666664,10,,,,,,,,,,,,,,,,,,,,,,,,,2.5466666666666664,,,,,,,,,,,,,,,
MLBS_007,6/27/18,7/27/18,11.555,52.83,1.32,3.75,10,,,,,52.83,,,,,,,,,,,,,,,,,,,,3.75,,,,,,,,,,,,,,,
MLBS_067,6/27/18,7/27/18,19.316666666666666,43.99,2.896666666666667,7.4775,10,,,,,43.99,,,,,,,,,,,,,,,,,,,,7.4775,,,,,,,,,,,,,,,
MLBS_063,6/27/18,7/27/18,11.163333333333334,46.54,1.9425,5.6000000000000005,10,,,,,46.54,,,,,,,,,,,,,,,,,,,,5.6000000000000005,,,,,,,,,,,,,,,
MOAB_044,1/14/19,1/14/19,0.24571428571428572,0.6033333333333334,,,10,,,,0.6033333333333334,,,,,,,,,,,,,,,,,,,,,,,,,,,,,,,,,,,,
MOAB_045,1/14/19,1/14/19,0.18142857142857144,0.43,,,10,,,,0.43,,,,,,,,,,,,,,,,,,,,,,,,,,,,,,,,,,,,
MOAB_047,1/14/19,1/14/19,0.18833333333333332,0.3333333333333333,,,10,,,,0.3333333333333333,,,,,,,,,,,,,,,,,,,,,,,,,,,,,,,,,,,,
MOAB_005,1/14/19,1/14/19,0.26166666666666666,0.48666666666666664,,,10,,,,0.48666666666666664,,,,,,,,,,,,,,,,,,,,,,,,,,,,,,,,,,,,
MOAB_002,1/14/19,1/14/19,0.16142857142857142,0.28,,,10,,,,0.28,,,,,,,,,,,,,,,,,,,,,,,,,,,,,,,,,,,,
MOAB_046,1/14/19,1/14/19,0.15833333333333333,0.6633333333333333,,,10,,,,0.6633333333333333,,,,,,,,,,,,,,,,,,,,,,,,,,,,,,,,,,,,
MOAB_003,1/14/19,1/14/19,1.14,1.3966666666666665,,,10,,,,1.3966666666666665,,,,,,,,,,,,,,,,,,,,,,,,,,,,,,,,,,,,
MOAB_001,1/14/19,1/14/19,0.3133333333333333,0.295,,,10,,,,0.295,,,,,,,,,,,,,,,,,,,,,,,,,,,,,,,,,,,,
MOAB_006,1/14/19,1/14/19,0.063333333,0.20333333333333334,,,10,,,,0.20333333333333334,,,,,,,,,,,,,,,,,,,,,,,,,,,,,,,,,,,,
MOAB_004,1/14/19,1/14/19,0.22999999999999998,0.49000000000000005,,,10,,,,0.49000000000000005,,,,,,,,,,,,,,,,,,,,,,,,,,,,,,,,,,,,
ORNL_002,10/31/19,10/31/19,5.205454545454545,1.6533333333333333,,,10,,,1.6533333333333333,,,,,,,,,,,,,,,,,,,,,,,,,,,,,,,,,,,,,
ORNL_003,10/31/19,10/31/19,2.7337499999999997,1.3033333333333335,,,10,,,1.3033333333333335,,,,,,,,,,,,,,,,,,,,,,,,,,,,,,,,,,,,,
ORNL_027,10/31/19,10/31/19,3.955833333333333,1.2366666666666666,,,10,,,1.2366666666666666,,,,,,,,,,,,,,,,,,,,,,,,,,,,,,,,,,,,,
ORNL_001,10/31/19,10/31/19,7.976666666666667,7.856,,,10,,,7.856,,,,,,,,,,,,,,,,,,,,,,,,,,,,,,,,,,,,,
ORNL_043,10/31/19,10/31/19,8.333076923076923,10.587499999999999,,,10,,,10.587499999999999,,,,,,,,,,,,,,,,,,,,,,,,,,,,,,,,,,,,,
ORNL_046,10/31/19,10/31/19,6.841666666666666,1.8525,,,10,,,1.8525,,,,,,,,,,,,,,,,,,,,,,,,,,,,,,,,,,,,,
ORNL_053,10/31/19,10/31/19,4.15,1.7266666666666666,,,10,,,1.7266666666666666,,,,,,,,,,,,,,,,,,,,,,,,,,,,,,,,,,,,,
ORNL_049,10/31/19,10/31/19,5.724615384615385,4.995,,,10,,,4.995,,,,,,,,,,,,,,,,,,,,,,,,,,,,,,,,,,,,,
OSBS_027,9/1/17,9/21/19,2.356666666666667,0.5433333333333333,,,10,,0.5433333333333333,,,,,,,,,,,,,,,,,,,,,,,,,,,,,,,,,,,,,,
OSBS_004,9/1/17,9/21/19,1.4400000000000002,0.6533333333333333,,,10,,0.6533333333333333,,,,,,,,,,,,,,,,,,,,,,,,,,,,,,,,,,,,,,
OSBS_005,9/1/17,9/21/19,13.85,37.68333333333333,,,10,,37.68333333333333,,,,,,,,,,,,,,,,,,,,,,,,,,,,,,,,,,,,,,
OSBS_026,9/1/17,9/21/19,0.7566666666666667,0.58,,,10,,0.58,,,,,,,,,,,,,,,,,,,,,,,,,,,,,,,,,,,,,,
OSBS_002,9/1/17,9/21/19,0.75,0.48666666666666664,,,10,,0.48666666666666664,,,,,,,,,,,,,,,,,,,,,,,,,,,,,,,,,,,,,,
OSBS_001,9/1/17,9/21/19,1.1500000000000001,4.208333333333333,,,10,,4.208333333333333,,,,,,,,,,,,,,,,,,,,,,,,,,,,,,,,,,,,,,
OSBS_003,9/1/17,9/21/19,1.1066666666666667,12.261999999999999,,,10,,12.261999999999999,,,,,,,,,,,,,,,,,,,,,,,,,,,,,,,,,,,,,,
SCBI_045,9/11/17,7/4/19,,,2.355,3.41,10,,,,,,,,,,,,,,,,,,,,,,,3.41,,,,,,,,,,,,,,,,,
SCBI_004,9/11/17,7/4/19,,,2.033333333333333,2.1233333333333335,10,,,,,,,,,,,,,,,,,,,,,,,2.1233333333333335,,,,,,,,,,,,,,,,,
SCBI_006,9/11/17,7/4/19,,,1.8150000000000002,1.9900000000000002,10,,,,,,,,,,,,,,,,,,,,,,,1.9900000000000002,,,,,,,,,,,,,,,,,
SCBI_003,9/11/17,7/4/19,,,5.674285714285714,5.66,10,,,,,,,,,,,,,,,,,,,,,,,5.66,,,,,,,,,,,,,,,,,
SCBI_005,9/11/17,7/4/19,,,2.155,2.7466666666666666,10,,,,,,,,,,,,,,,,,,,,,,,2.7466666666666666,,,,,,,,,,,,,,,,,
SCBI_067,9/11/17,7/4/19,,,2.9916666666666667,6.05,10,,,,,,,,,,,,,,,,,,,,,,,6.05,,,,,,,,,,,,,,,,,
SCBI_049,9/11/17,7/4/19,,,3.938333333333333,2.15,10,,,,,,,,,,,,,,,,,,,,,,,2.15,,,,,,,,,,,,,,,,,
SCBI_047,9/11/17,7/4/19,,,2.675,2.77,10,,,,,,,,,,,,,,,,,,,,,,,2.77,,,,,,,,,,,,,,,,,
SCBI_008,9/11/17,7/4/19,,,1.8699999999999999,2.016666666666667,10,,,,,,,,,,,,,,,,,,,,,,,2.016666666666667,,,,,,,,,,,,,,,,,
SERC_007,5/6/19,5/9/19,,,0.88,0.8566666666666666,10,,,,,,,,,,,,,,,,,,,,,,,0.8566666666666666,,,,,,,,,,,,,,,,,
SERC_001,5/6/19,5/9/19,,,1.8075,1.4533333333333331,10,,,,,,,,,,,,,,,,,,,,,,,1.4533333333333331,,,,,,,,,,,,,,,,,
SERC_004,5/6/19,5/9/19,,,1.62,1.78,10,,,,,,,,,,,,,,,,,,,,,,,1.78,,,,,,,,,,,,,,,,,
SERC_045,5/6/19,5/9/19,,,2.18,1.8966666666666665,10,,,,,,,,,,,,,,,,,,,,,,,1.8966666666666665,,,,,,,,,,,,,,,,,
SERC_049,5/6/19,5/9/19,,,1.4466666666666665,1.69,10,,,,,,,,,,,,,,,,,,,,,,,1.69,,,,,,,,,,,,,,,,,
SERC_047,5/6/19,5/9/19,,,1.6933333333333334,1.9766666666666666,10,,,,,,,,,,,,,,,,,,,,,,,1.9766666666666666,,,,,,,,,,,,,,,,,
SERC_044,5/6/19,5/9/19,,,1.28,1.29,10,,,,,,,,,,,,,,,,,,,,,,,1.29,,,,,,,,,,,,,,,,,
SERC_005,5/6/19,5/9/19,,,2.39,2.203333333333333,10,,,,,,,,,,,,,,,,,,,,,,,2.203333333333333,,,,,,,,,,,,,,,,,
SERC_003,5/6/19,5/9/19,,,1.2066666666666668,1.415,10,,,,,,,,,,,,,,,,,,,,,,,1.415,,,,,,,,,,,,,,,,,
SERC_002,5/6/19,5/9/19,,,2.0666666666666664,1.2133333333333332,10,,,,,,,,,,,,,,,,,,,,,,,1.2133333333333332,,,,,,,,,,,,,,,,,
STEI_008,7/7/17,6/17/20,,,1.7166666666666668,3.6799999999999997,10,,,,,,,,,,,,,,,,,,,,,,,3.6799999999999997,,,,,,,,,,,,,,,,,
STEI_004,7/7/17,6/17/20,,,2.5066666666666664,3.4066666666666667,10,,,,,,,,,,,,,,,,,,,,,,,3.4066666666666667,,,,,,,,,,,,,,,,,
STEI_002,7/7/17,6/17/20,,,1.9833333333333334,1.8666666666666665,10,,,,,,,,,,,,,,,,,,,,,,,1.8666666666666665,,,,,,,,,,,,,,,,,
STEI_001,7/7/17,6/17/20,,,7.03625,4.866666666666667,10,,,,,,,,,,,,,,,,,,,,,,,4.866666666666667,,,,,,,,,,,,,,,,,
STEI_003,7/7/17,6/17/20,,,1.8980000000000001,2.44,10,,,,,,,,,,,,,,,,,,,,,,,2.44,,,,,,,,,,,,,,,,,
STEI_047,7/7/17,6/17/20,,,2.1042857142857145,2.8466666666666662,10,,,,,,,,,,,,,,,,,,,,,,,2.8466666666666662,,,,,,,,,,,,,,,,,
STEI_053,7/7/17,6/17/20,,,2.2083333333333335,3.85,10,,,,,,,,,,,,,,,,,,,,,,,3.85,,,,,,,,,,,,,,,,,
STEI_060,7/7/17,6/17/20,22.77,36.31,6.207142857142856,5.395,10,,,36.31,,,,,,,,,,,,,,,,,,,,5.395,,,,,,,,,,,,,,,,,
STEI_059,7/7/17,6/17/20,,,2.591666666666667,4.2,10,,,,,,,,,,,,,,,,,,,,,,,4.2,,,,,,,,,,,,,,,,,
STEI_021,7/7/17,6/17/20,40.5775,29.97333333333333,26.638333333333332,,10,,,29.97333333333333,,,,,,,,,,,,,,,,,,,,,,,,,,,,,,,,,,,,,
TREE_014,4/19/19,9/16/19,,,1.7533333333333332,1.5566666666666666,10,,,,,,,,,,,,,,,,,,,,,1.5566666666666666,,,,,,,,,,,,,,,,,,,
TREE_046,4/19/19,9/16/19,,,2.65,2.1566666666666667,10,,,,,,,,,,,,,,,,,,,,,2.1566666666666667,,,,,,,,,,,,,,,,,,,
TREE_049,4/19/19,9/16/19,,,2.2333333333333334,2.526666666666667,10,,,,,,,,,,,,,,,,,,,,,2.526666666666667,,,,,,,,,,,,,,,,,,,
TREE_050,4/19/19,9/16/19,,,1.8766666666666667,2.09,10,,,,,,,,,,,,,,,,,,,,,2.09,,,,,,,,,,,,,,,,,,,
TREE_041,4/19/19,9/16/19,,,1.8,2.563333333333333,10,,,,,,,,,,,,,,,,,,,,,2.563333333333333,,,,,,,,,,,,,,,,,,,
TREE_003,4/19/19,9/16/19,,,1.5899999999999999,1.8575,10,,,,,,,,,,,,,,,,,,,,,1.8575,,,,,,,,,,,,,,,,,,,
TREE_001,4/19/19,9/16/19,,,1.5675,1.8,10,,,,,,,,,,,,,,,,,,,,,1.8,,,,,,,,,,,,,,,,,,,
TREE_002,4/19/19,9/16/19,40.446666666666665,44.61333333333334,6.6433333333333335,2.5949999999999998,10,44.61333333333334,,,,,,,,,,,,,,,,,,,,2.5949999999999998,,,,,,,,,,,,,,,,,,,
TREE_006,4/19/19,9/16/19,,,1.2833333333333334,2.1566666666666667,10,,,,,,,,,,,,,,,,,,,,,2.1566666666666667,,,,,,,,,,,,,,,,,,,
UKFS_044,3/20/19,4/29/19,20.863333333333333,,4.398333333333333,3.893333333333333,10,,,,,,,,,,,,,,,,,,,,,,,,,3.893333333333333,,,,,,,,,,,,,,,
UKFS_031,3/20/19,4/29/19,21.049999999999997,,3.454285714285714,3.123333333333333,10,,,,,,,,,,,,,,,,,,,,,,,,,3.123333333333333,,,,,,,,,,,,,,,
UKFS_043,3/20/19,4/29/19,29.17,,4.0912500000000005,4.33,10,,,,,,,,,,,,,,,,,,,,,,,,,4.33,,,,,,,,,,,,,,,
UKFS_001,3/20/19,4/29/19,25.51,,4.693333333333333,6.2575,10,,,,,,,,,,,,,,,,,,,,,,,,,6.2575,,,,,,,,,,,,,,,
UKFS_002,3/20/19,4/29/19,,,4.6866666666666665,4.8566666666666665,10,,,,,,,,,,,,,,,,,,,,,,,,,4.8566666666666665,,,,,,,,,,,,,,,
UKFS_009,3/20/19,4/29/19,,,1.9349999999999998,1.8233333333333333,10,,,,,,,,,,,,,,,,,,,,,,,,,1.8233333333333333,,,,,,,,,,,,,,,
UKFS_004,3/20/19,4/29/19,,,2.9814285714285718,3.2566666666666664,10,,,,,,,,,,,,,,,,,,,,,,,,,3.2566666666666664,,,,,,,,,,,,,,,
UKFS_032,3/20/19,4/29/19,,,3.8383333333333334,3.62,10,,,,,,,,,,,,,,,,,,,,,,,,,3.62,,,,,,,,,,,,,,,
UKFS_005,3/20/19,4/29/19,14.98,,3.9316666666666666,3.7366666666666664,10,,,,,,,,,,,,,,,,,,,,,,,,,3.7366666666666664,,,,,,,,,,,,,,,
UKFS_003,3/20/19,4/29/19,,,2.9166666666666665,2.7733333333333334,10,,,,,,,,,,,,,,,,,,,,,,,,,2.7733333333333334,,,,,,,,,,,,,,,
UNDE_006,6/12/19,6/12/19,,,2.4033333333333333,2.2266666666666666,10,,,,,,,,,,,,,,,,,,,,,2.2266666666666666,,,,,,,,,,,,,,,,,,,
UNDE_008,6/12/19,6/12/19,,,1.5133333333333334,2.7899999999999996,10,,,,,,,,,,,,,,,,,,,,,2.7899999999999996,,,,,,,,,,,,,,,,,,,
UNDE_001,6/12/19,6/12/19,27.0525,38.14333333333334,3.716666666666667,2.4,10,38.14333333333334,,,,,,,,,,,,,,,,,,,,2.4,,,,,,,,,,,,,,,,,,,
UNDE_043,6/12/19,6/12/19,,,2.243333333333333,2.353333333333333,10,,,,,,,,,,,,,,,,,,,,,2.353333333333333,,,,,,,,,,,,,,,,,,,
UNDE_037,6/12/19,6/12/19,16.310000000000002,39.71666666666667,2.9899999999999998,3.6550000000000002,10,39.71666666666667,,,,,,,,,,,,,,,,,,,,3.6550000000000002,,,,,,,,,,,,,,,,,,,
UNDE_044,6/12/19,6/12/19,22.92,14.61,3.8649999999999998,3.3525,10,14.61,,,,,,,,,,,,,,,,,,,,3.3525,,,,,,,,,,,,,,,,,,,
YELL_012,6/12/22,6/12/22,,,3.436666666666666,1.9249999999999998,10,,,,,,,,,,,,,,,,,,,,,,1.9249999999999998,,,,,,,,,,,,,,,,,,
YELL_009,6/12/22,6/12/22,,,3.7866666666666666,4.44,10,,,,,,,,,,,,,,,,,,,,,,4.44,,,,,,,,,,,,,,,,,,
YELL_003,6/12/22,6/12/22,,,3.86,4.95,10,,,,,,,,,,,,,,,,,,,,,,4.95,,,,,,,,,,,,,,,,,,
YELL_048,6/12/22,6/12/22,,,7.236666666666667,4.475,10,,,,,,,,,,,,,,,,,,,,,,4.475,,,,,,,,,,,,,,,,,,
YELL_046,6/12/22,6/12/22,,,6.039999999999999,5.83,10,,,,,,,,,,,,,,,,,,,,,,5.83,,,,,,,,,,,,,,,,,,
YELL_051,6/12/22,6/12/22,,,6.18,9.07,10,,,,,,,,,,,,,,,,,,,,,,9.07,,,,,,,,,,,,,,,,,,
YELL_052,6/12/22,6/12/22,,,5.7775,5.965,10,,,,,,,,,,,,,,,,,,,,,,5.965,,,,,,,,,,,,,,,,,,
YELL_002,6/12/22,6/12/22,,,3.3466666666666662,5.3999999999999995,10,,,,,,,,,,,,,,,,,,,,,,5.3999999999999995,,,,,,,,,,,,,,,,,,
YELL_005,6/12/22,6/12/22,,,3.09,3.783333333333333,10,,,,,,,,,,,,,,,,,,,,,,3.783333333333333,,,,,,,,,,,,,,,,,,
YELL_016,6/12/22,6/12/22,,,2.1566666666666667,2.74,10,,,,,,,,,,,,,,,,,,,,,,2.74,,,,,,,,,,,,,,,,,,